Workbook

Sheet ListOfValues
B1: Aktif | C1: Tahunan | D1: Audited | E1: WTP | F1: tahun pertama
B2: Tidak Aktif | C2: Tengah Tahunan | D2: Un Audited | E2: WTP-PP | F2: tahun pertama (setelah cooling-off period)
C3: Triwulanan | D3: Limited Review | E3: WDP | F3: tahun ke-2 berturut-turut
E4: DISCLAIMER | F4: tahun ke-3 berturut-turut
E5: ADVERSE | F5: lebih dari 3 tahun berturut-turut

Sheet Informasi
A1: Petunjuk pengisian template Laporan Keuangan Manajer Investasi
A3: 1 | B3: Isi data umum perusahaan, data audit dan informasi tambahan atas Laporan Keuangan pada sheet Data Umum
A4: 2 | B4: Isi informasi terkait aset, kewajiban, dan modal kerja perusahaan pada sheet Laporan Posisi Keuangan (LPKMI)
A5: 3 | B5: Jika perusahaan memiliki akun tertentu yang tidak terdapat pada pilihan di Laporan Posisi Keuangan, silahkan memasukkan informasi tersebut pada akun Lain-lain.
A6: 4 | B6: Isi informasi terkait pendapatan dan beban pada sheet Laporan Laba Rugi (LLRKMI)
A7: 5 | B7: Akun-akun pada BEBAN yang menjadi komponen dari "Total Beban" pada LLRKMI diisi dengan angka positif (tidak menambahkan tanda "-")
A8: 6 | B8: Jika perusahaan memiliki akun tertentu yang tidak terdapat pada pilihan di Laporan Laba Rugi, silahkan memasukkan informasi tersebut pada akun Lain-lain.
A9: 7 | B9: Isi informasi terkait perubahan ekuitas pada sheet Laporan Perubahan Ekuitas
A10: 8 | B10: Isi informasi terkait perubahan ekuitas pada sheet Laporan Arus Kas
A11: 9 | B11: Cek status validasi laporan pada sheet Validasi
A12: 10 | B12: Laporan yang dikirimkan ke Otoritas Jasa Keuangan adalah laporan dengan Status Validasi Keseluruhan = OK
A13: 11 | B13: Pengiriman Laporan Keuangan Elektronik disertai dengan pengiriman hardcopy dan/atau mailingroom OJK

Sheet Validasi
E7: Status Validasi Laporan Secara Keseluruhan: | G7: =IF(AND(G10="OK",G11="OK",G12="OK",G13="OK",G14="OK",G15="OK",G16="OK",G17="OK",G18="OK",G19="OK"),"OK","NOT OK") -> OK
C9: No | D9: Sheet | E9: Keterangan | F9: Formula | G9: Status
C10: 1 | D10: LPKMI | E10: Pada Laporan Posisi Keuangan, Jumlah Aset tahun berjalan harus sama dengan Jumlah Liabilitas + Jumlah Ekuitas | F10: LPKMIG44=LPKMI!G84 | G10: =IF(OR(('Laporan Posisi Keuangan'!G44-'Laporan Posisi Keuangan'!G84)>=3,('Laporan Posisi Keuangan'!G44-'Laporan Posisi Keuangan'!G84)<=-3),"NOT OK","OK") -> OK
C11: 2 | D11: LPKMI | E11: Pada Laporan Posisi Keuangan, Jumlah Aset tahun sebelumnya harus sama dengan Jumlah Liabilitas + Jumlah Ekuitas | F11: LPKMIH44=LPKMI!H84 | G11: =IF(OR(('Laporan Posisi Keuangan'!H44-'Laporan Posisi Keuangan'!H84)>=3,('Laporan Posisi Keuangan'!H44-'Laporan Posisi Keuangan'!H84)<=-3),"NOT OK","OK") -> OK
C12: 3 | D12: LAKMI-LPKMI | E12: Kas dan Setara Kas Akhir Periode Berjalan harus sama dengan Kas dan Setara Kas pada Laporan Posisi Keuangan Periode berjalan | F12: LAKMI!E49=lpkmi!G17+lpkmi!G18 | G12: =IF(OR(('Laporan Arus Kas'!E49-'Laporan Posisi Keuangan'!G17-'Laporan Posisi Keuangan'!G18)>=3,('Laporan Arus Kas'!E49-'Laporan Posisi Keuangan'!G17-'Laporan Posisi Keuangan'!G18)<=-3),"NOT OK","OK") -> OK
C13: 4 | D13: LAKMI-LPKMI | E13: Kas dan Setara Kas Akhir Periode Sebelumnya harus sama dengan Kas dan Setara Kas pada Laporan Posisi Keuangan Periode Sebelumnya | F13: LAKMI!F49=lpkmi!H17+lpkmi!H18 | G13: =IF(OR(('Laporan Arus Kas'!F49-'Laporan Posisi Keuangan'!H17-'Laporan Posisi Keuangan'!H18)>=3,('Laporan Arus Kas'!F49-'Laporan Posisi Keuangan'!H17-'Laporan Posisi Keuangan'!H18)<=-3),"NOT OK","OK") -> OK
C14: 5 | D14: LLRKMI | E14: Pada Laporan Laba Rugi, Laba Rugi Periode Berjalan harus sama dengan Total Laba Rugi yang dapat Diatribusikan | F14: LLRKMI!E68=LLRKMI!E78 | G14: =IF(OR(('Laporan Laba Rugi'!E68-'Laporan Laba Rugi'!E78)>=3,('Laporan Laba Rugi'!E68-'Laporan Laba Rugi'!E78)<=-3),"NOT OK","OK") -> OK
C15: 6 | D15: LLRKMI | E15: Pada Laporan Laba Rugi, Laba Rugi Periode Sebelumnya harus sama dengan Total Laba Rugi yang dapat Diatribusikan Periode Sebelumnya | F15: LLRKMI!F68=LLRKMI!F78 | G15: =IF(OR(('Laporan Laba Rugi'!F68-'Laporan Laba Rugi'!F78)>=3,('Laporan Laba Rugi'!F68-'Laporan Laba Rugi'!F78)<=-3),"NOT OK","OK") -> OK
C16: 7 | D16: LLRKMI | E16: Pada Laporan Laba Rugi, Penghasilan Komprehensif harus sama dengan Total Penghasilan Komprehensif yang dapat Diatribusikan | F16: LLRKMI!E74=LLRKMI!E82 | G16: =IF(OR(('Laporan Laba Rugi'!E74-'Laporan Laba Rugi'!E82)>=3,('Laporan Laba Rugi'!E74-'Laporan Laba Rugi'!E82)<=-3),"NOT OK","OK") -> OK
C17: 8 | D17: LLRKMI | E17: Pada Laporan Laba Rugi, Penghasilan Komprehensif periode sebelumnya harus sama dengan Total Penghasilan Komprehensif yang dapat Diatribusikan | F17: LLRKMI!F74=LLRKMI!F82 | G17: =IF(OR(('Laporan Laba Rugi'!F74-'Laporan Laba Rugi'!F82)>=3,('Laporan Laba Rugi'!F74-'Laporan Laba Rugi'!F82)<=-3),"NOT OK","OK") -> OK
C18: 9 | D18: LPEMI-LPKMI | E18: Jumlah Ekuitas pada Laporan Posisi Keuangan harus sama dengan Jumlah Ekuitas pada Laporan Perubahan Ekuitas | F18: LPKMI!G83=LPEMI!P28 | G18: =IF(OR(('Laporan Posisi Keuangan'!G83-'Laporan Perubahan Ekuitas'!P28)>=3,('Laporan Posisi Keuangan'!G83-'Laporan Perubahan Ekuitas'!P28)<=-3),"NOT OK","OK") -> OK
C19: 10 | D19: LPEMI-LPKMI | E19: Jumlah Ekuitas pada Laporan Posisi Keuangan Peridode Sebelumnya harus sama dengan Jumlah Ekuitas pada Laporan Perubahan Ekuitas | F19: LPKMI!H83=LPEMI!P23 | G19: =IF(OR(('Laporan Posisi Keuangan'!H83-'Laporan Perubahan Ekuitas'!P23)>=3,('Laporan Posisi Keuangan'!H83-'Laporan Perubahan Ekuitas'!P23)<=-3),"NOT OK","OK") -> OK

Sheet Data Umum
B2: T
B3: LKTPA | C3: Data Umum | G3: =MONTH(D9) -> 12 | H3: 1 | I3: Januari
G4: =VLOOKUP(G3,$H$3:$I$12,2,FALSE) -> Desember | H4: 2 | I4: Februari
B5: LKT01DTU0001 | C5: Tanggal Pelaporan | D5: 46098 | H5: 3 | I5: Maret
B6: LKT01DTU0002 | C6: Kode Perusahaan / Pihak | D6: CC002 | H6: 4 | I6: April
B7: LKT01DTU0003 | C7: Nama Perusahaan / Pihak | D7: PT MANDIRI MANAJEMEN INVESTASI | H7: 5 | I7: Mei
B8: LKT01DTU0004 | C8: Alamat Perusahaan / Pihak | D8: MENARA MANDIRI 2 LT. 15, JL. JEND SUDIRMAN KAV 54-55, JAKARTA | H8: 6 | I8: Juni
B9: LKT01DTU0005 | C9: Periode Pelaporan | D9: 46022 | H9: 9 | I9: September
B10: LKT01DTU0006 | C10: Bulan Pelaporan | D10: =IF(ISERR(G4), "", G4) -> Desember | H10: 10 | I10: Oktober
B11: LKT01DTU0007 | C11: Tahun Fiskal | D11: =IF(ISBLANK(D9),"",IFERROR(YEAR(D9), "")) -> 2025 | H11: 11 | I11: November
B12: LKT01DTU0008 | C12: Jenis Periode Pelaporan | D12: Tahunan | H12: 12 | I12: Desember
B13: LKT01DTU0009 | C13: Nama Direksi / Penanggung Jawab | D13: HARDIYANTO PILIA
B14: LKT01DTU0010 | C14: Jabatan Direksi / Penanggung Jawab | D14: DIREKTUR
C16: Data Audit
B17: LKT01DTU0011 | C17: Nama Kantor Akuntan Publik (KAP) | D17: KANTOR AKUNTAN PUBLIK PURWANTO SUSANTI DAN SURJA
B18: LKT01DTU0016 | C18: SK Izin Kantor Akuntan Publik | D18: 69/MK/SK/2025
B19: LKT01DTU0017 | C19: Status Kantor Akuntan Publik | D19: Aktif
B20: LKT01DTU0013 | C20: Nama Akuntan Publik (AP) | D20: CHRISTOPHORUS ALVIN KOSSIM
B21: LKT01DTU0018 | C21: Nomor Registrasi Akuntan Publik | D21: AP.1681
B22: LKT01DTU0012 | C22: Nomor STTD PM Akuntan Publik | D22: STTD.KAP-17/PM.021/2025
B23: LKT01DTU0019 | C23: Status Akuntan Publik | D23: Aktif
B24: LKT01DTU0020 | C24: Periode Penugasan AP | D24: tahun pertama (setelah cooling-off period)
B25: LKT01DTU0021 | C25: Periode Audit Awal | D25: 45658
B26: LKT01DTU0022 | C26: Periode Audit Akhir | D26: 46022
B27: LKT01DTU0023 | C27: Jenis Audit | D27: Audited
B28: LKT01DTU0014 | C28: Opini Laporan | D28: WTP

Sheet Laporan Posisi Keuangan
B2: LPKA
B3: 1
D7: =UPPER('Data Umum'!D7) -> PT MANDIRI MANAJEMEN INVESTASI
D9: Laporan Posisi Keuangan
D11: ="Per 31 Desember "&CONCATENATE(TEXT('Data Umum'!D9, "YYYY")) -> Per 31 Desember 2025
D14: Akun | G14: =CONCATENATE(TEXT('Data Umum'!D9, "YYYY")) -> 2025 | H14: =CONCATENATE(TEXT(DATE(YEAR('Data Umum'!D9), MONTH('Data Umum'!D9)-12, DAY('Data Umum'!D9)), "YYYY")) -> 2024
A15: KODE LAMA | B15: MAP CODE | C15: KODE LAMA | F15: Catatan Mapping
A16: LKT01LPK0023 | B16: A | C16: LKT01LPK0001 | D16: ASET | G16: =IFERROR(G17, 0)+IFERROR(G18, 0)+IFERROR(G19, 0)+IFERROR(G20, 0)+IFERROR(G21, 0)+IFERROR(G22, 0)+IFERROR(G25, 0)+IFERROR(G28, 0)+IFERROR(G31, 0)+IFERROR(G34, 0)+IFERROR(G35, 0)+IFERROR(G36, 0)+IFERROR(G37, 0)+IFERROR(G38, 0)+IFERROR(G39, 0)+IFERROR(G40, 0)+IFERROR(G41, 0)+IFERROR(G42, 0)+IFERROR(G43, 0) -> 413872455749 | H16: =IFERROR(H17, 0)+IFERROR(H18, 0)+IFERROR(H19, 0)+IFERROR(H20, 0)+IFERROR(H21, 0)+IFERROR(H22, 0)+IFERROR(H25, 0)+IFERROR(H28, 0)+IFERROR(H31, 0)+IFERROR(H34, 0)+IFERROR(H35, 0)+IFERROR(H36, 0)+IFERROR(H37, 0)+IFERROR(H38, 0)+IFERROR(H39, 0)+IFERROR(H40, 0)+IFERROR(H41, 0)+IFERROR(H42, 0)+IFERROR(H43, 0) -> 448051314959
A17: LKT01LPK0002 | B17: A.1 | C17: LKT01LPK0002 | D17: Kas dan Setara Kas | G17: 212255442891 | H17: 96483958730
A18: #N/A | B18: A.2 | C18: LKT01LPK0060 | D18: Kas dan Setara Kas yang Dibatasi Penggunaannya | F18: Akun Baru | G18: 0 | H18: 0
A19: LKT01LPK0003 | B19: A.3 | C19: LKT01LPK0003 | D19: Deposito Berjangka | G19: 0 | H19: 0
A20: LKT01LPK0005 | B20: A.4 | C20: LKT01LPK0005 | D20: Portofolio Efek | G20: 69233684184 | H20: 234412261112
A21: #N/A | B21: A.5 | C21: LKT01LPK0006 | D21: Portofolio Efek yang Dialihkan | G21: 0 | H21: 0
A22: #N/A | B22: A.6 | C22: LKT01LPK0061 | D22: Piutang Usaha | G22: =G23+G24 -> 0 | H22: =H23+H24 -> 0
A23: #N/A | B23: A.6.1 | C23: LKT01LPK0062 | D23: Pihak Ketiga | G23: 0 | H23: 0
A24: #N/A | B24: A.6.2 | C24: LKT01LPK0063 | D24: Pihak Berelasi | G24: 0 | H24: 0
A25: #N/A | B25: A.7 | C25: LKT01LPK0064 | D25: Piutang Transaksi sebagai Perantara Pedagang Efek (Kegiatan sebagai PPE) | G25: =G26+G27 -> 0 | H25: =H26+H27 -> 0
A26: #N/A | B26: A.7.1 | C26: LKT01LPK0065 | D26: Pihak Ketiga | G26: 0 | H26: 0
A27: #N/A | B27: A.7.2 | C27: LKT01LPK0066 | D27: Pihak Berelasi | G27: 0 | H27: 0
A28: LKT01LPK0012 | B28: A.8 | C28: LKT01LPK0012 | D28: Piutang Transaksi sebagai Penjaminan Emisi Efek (Kegiatan sebagai PEE) | G28: =G29+G30 -> 0 | H28: =H29+H30 -> 0
A29: #N/A | B29: A.8.1 | C29: LKT01LPK0067 | D29: Pihak Ketiga | G29: 0 | H29: 0
A30: #N/A | B30: A.8.2 | C30: LKT01LPK0068 | D30: Pihak Berelasi | G30: 0 | H30: 0
A31: LKT01LPK0013 | B31: A.9 | C31: LKT01LPK0013 | D31: Piutang Transaksi Pengelolaan Investasi (Kegiatan sebagai MI) | G31: =G32+G33 -> 36788210762 | H31: =H32+H33 -> 27381269283
A32: #N/A | B32: A.9.1 | C32: LKT01LPK0069 | D32: Pihak Ketiga | G32: 34782514333 | H32: 25475921939
A33: #N/A | B33: A.9.2 | C33: LKT01LPK0070 | D33: Pihak Berelasi | G33: 2005696429 | H33: 1905347344
A34: LKT01LPK0004 | B34: A.10 | C34: LKT01LPK0004 | D34: Piutang Transaksi Repo | G34: 0 | H34: 0
A35: LKT01LPK0014 | B35: A.11 | C35: LKT01LPK0014 | D35: Piutang Lain-Lain | G35: 405642191 | H35: 365854510
A36: LKT01LPK0015 | B36: A.12 | C36: LKT01LPK0015 | D36: Biaya Dibayar Dimuka | G36: 5456737153 | H36: 5235524226
A37: LKT01LPK0016 | B37: A.13 | C37: LKT01LPK0016 | D37: Pajak Dibayar Dimuka | G37: 0 | H37: 5689796732
A38: #N/A | B38: A.14 | C38: LKT01LPK0071 | D38: Investasi pada Entitas Asosiasi | G38: 62534173930 | H38: 62534173930
A39: #N/A | B39: A.15 | C39: LKT01LPK0017 | D39: Aset Tak Berwujud | G39: 0 | H39: 0
A40: LKT01LPK0021 | B40: A.16 | C40: LKT01LPK0021 | D40: Aset Hak Guna | G40: 9358840682 | H40: 233195876
A41: LKT01LPK0018 | B41: A.17 | C41: LKT01LPK0018 | D41: Aset Tetap | G41: 4912044363 | H41: 5382522454
A42: LKT01LPK0019 | B42: A.18 | C42: LKT01LPK0019 | D42: Aset Pajak Tangguhan | G42: 10567017412 | H42: 7857666372
A43: LKT01LPK0022 | B43: A.19 | C43: LKT01LPK0022 | D43: Aset Lain-Lain | G43: 2360662181 | H43: 2475091734
A44: LKT01LPK0023 | B44: A | C44: LKT01LPK0023 | D44: TOTAL ASET | G44: =G16 -> 413872455749 | H44: =H16 -> 448051314959
A45: LKT01LPK0044 | B45: B | C45: LKT01LPK0024 | D45: LIABILITAS | G45: =IFERROR(G46, 0)+IFERROR(G49, 0)+IFERROR(G52, 0)+IFERROR(G55, 0)+IFERROR(G58, 0)+IFERROR(G59, 0)+IFERROR(G60, 0)+IFERROR(G61, 0)+IFERROR(G62, 0)+IFERROR(G63, 0)+IFERROR(G64, 0)+IFERROR(G65, 0)+IFERROR(G66, 0)+IFERROR(G67, 0)+IFERROR(G68, 0)+IFERROR(G69, 0) -> 93751825643 | H45: =IFERROR(H46, 0)+IFERROR(H49, 0)+IFERROR(H52, 0)+IFERROR(H55, 0)+IFERROR(H58, 0)+IFERROR(H59, 0)+IFERROR(H60, 0)+IFERROR(H61, 0)+IFERROR(H62, 0)+IFERROR(H63, 0)+IFERROR(H64, 0)+IFERROR(H65, 0)+IFERROR(H66, 0)+IFERROR(H67, 0)+IFERROR(H68, 0)+IFERROR(H69, 0) -> 64447297741
A46: #N/A | B46: B.1 | C46: LKT01LPK0072 | D46: Utang Usaha | G46: =G47+G48 -> 0 | H46: =H47+H48 -> 0
A47: #N/A | B47: B.1.1 | C47: LKT01LPK0073 | D47: Pihak Ketiga | G47: 0 | H47: 0
A48: #N/A | B48: B.1.2 | C48: LKT01LPK0074 | D48: Pihak Berelasi | G48: 0 | H48: 0
A49: #N/A | B49: B.2 | C49: LKT01LPK0075 | D49: Utang Transaksi Perantara Pedagang Efek | G49: =G50+G51 -> 0 | H49: =H50+H51 -> 0
A50: #N/A | B50: B.2.1 | C50: LKT01LPK0076 | D50: Pihak Ketiga | G50: 0 | H50: 0
A51: #N/A | B51: B.2.2 | C51: LKT01LPK0077 | D51: Pihak Berelasi | G51: 0 | H51: 0
A52: LKT01LPK0032 | B52: B.3 | C52: LKT01LPK0032 | D52: Utang Transaksi Penjaminan Emisi Efek | G52: =G53+G54 -> 0 | H52: =H53+H54 -> 0
A53: #N/A | B53: B.3.1 | C53: LKT01LPK0078 | D53: Pihak Ketiga | G53: 0 | H53: 0
A54: #N/A | B54: B.3.2 | C54: LKT01LPK0079 | D54: Pihak Berelasi | G54: 0 | H54: 0
A55: LKT01LPK0033 | B55: B.4 | C55: LKT01LPK0033 | D55: Utang Transaksi Pengelolaan Investasi | G55: =G56+G57 -> 20776149901 | H55: =H56+H57 -> 15979047016
A56: #N/A | B56: B.4.1 | C56: LKT01LPK0080 | D56: Pihak Ketiga | G56: 6925681085 | H56: 7286580307
A57: #N/A | B57: B.4.2 | C57: LKT01LPK0081 | D57: Pihak Berelasi | G57: 13850468816 | H57: 8692466709
A58: LKT01LPK0026 | B58: B.5 | C58: LKT01LPK0026 | D58: Utang Transaksi Repo | G58: 0 | H58: 0
A59: LKT01LPK0036 | B59: B.6 | C59: LKT01LPK0036 | D59: Utang Pajak | G59: 1746540356 | H59: 4015749897
A60: #N/A | B60: B.7 | C60: LKT01LPK0037 | D60: Beban Akrual | G60: =45286506302+332510083 -> 45619016385 | H60: 31033782551
A61: LKT01LPK0025 | B61: B.8 | C61: LKT01LPK0025 | D61: Utang Jangka Pendek | G61: 0 | H61: 0
A62: #N/A | B62: B.9 | C62: LKT01LPK0082 | D62: Liabilitas Pajak Tangguhan | G62: 0 | H62: 0
A63: LKT01LPK0038 | B63: B.10 | C63: LKT01LPK0038 | D63: Utang Jangka Panjang | G63: 0 | H63: 0
A64: #N/A | B64: B.11 | C64: LKT01LPK0039 | D64: Surat Utang Jangka Panjang | G64: 0 | H64: 0
A65: LKT01LPK0035 | B65: B.12 | C65: LKT01LPK0035 | D65: Utang Sewa | G65: 8337656640 | H65: 233094247
A66: LKT01LPK0040 | B66: B.13 | C66: LKT01LPK0040 | D66: Liabilitas Imbalan Kerja | G66: 17272462361 | H66: 13185624030
A67: LKT01LPK0041 | B67: B.14 | C67: LKT01LPK0041 | D67: Utang Subordinasi | G67: 0 | H67: 0
A68: LKT01LPK0039 | B68: B.15 | C68: LKT01LPK0042 | D68: Obligasi Konversi | G68: 0 | H68: 0
A69: LKT01LPK0043 | B69: B.16 | C69: LKT01LPK0043 | D69: Utang Lain-Lain | G69: 0 | H69: 0
A70: LKT01LPK0044 | B70: B | C70: LKT01LPK0044 | D70: TOTAL LIABILITAS | G70: =G45 -> 93751825643 | H70: =H45 -> 64447297741
A71: LKT01LPK0058 | B71: C | C71: LKT01LPK0045 | D71: EKUITAS | G71: =IFERROR(G72, 0)+0 -> 0 | H71: =IFERROR(H72, 0)+0 -> 0
A72: LKT01LPK0046 | B72: C.1 | C72: LKT01LPK0046 | D72: Ekuitas yang dapat diatribusikan kepada pemilik entitas induk
A73: LKT01LPK0047 | B73: C.1.2 | C73: LKT01LPK0047 | D73: Modal Saham | G73: 60000000000 | H73: 60000000000
A74: LKT01LPK0048 | B74: C.1.3 | C74: LKT01LPK0048 | D74: Tambahan Modal Disetor (additional paid-in capital) | G74: 0 | H74: 0
A75: #N/A | B75: C.1.4 | C75: LKT01LPK0083 | D75: Selisih Transaksi dengan Pihak Nonpengendali | G75: 0 | H75: 0
A76: #N/A | B76: C.1.5 | C76: LKT01LPK0050 | D76: Saham Treasuri | G76: 0 | H76: 0
A77: #N/A | B77: C.1.6 | C77: LKT01LPK0052 | D77: Saldo Laba | G77: 259364636058 | H77: 323441047713
A78: #N/A | B78: C.2 | C78: LKT01LPK0084 | D78: Penghasilan Komprehensif Lain | G78: =G79+G80 -> 755994048 | H78: =H79+H80 -> 162969505
A79: #N/A | B79: C.2.1 | C79: LKT01LPK0085 | D79: Yang tidak akan direklasifikasi lebih lanjut ke laba rugi | G79: 755994048 | H79: 162969505
A80: #N/A | B80: C.2.2 | C80: LKT01LPK0086 | D80: Yang akan direklasifikasi lebih lanjut ke laba rugi | G80: 0 | H80: 0
A81: LKT01LPK0056 | B81: C.3 | C81: LKT01LPK0056 | D81: Total Ekuitas yang dapat diatribusikan kepada pemilik entitas induk | G81: =G73+G74+G75+G76+G77+G79+G80 -> 320120630106 | H81: =H73+H74+H75+H76+H77+H79+H80 -> 383604017218
A82: LKT01LPK0057 | B82: C.4 | C82: LKT01LPK0057 | D82: Kepentingan Nonpengendali | G82: 0 | H82: 0
A83: LKT01LPK0058 | B83: C | C83: LKT01LPK0058 | D83: TOTAL EKUITAS | G83: =G81+G82 -> 320120630106 | H83: =H81+H82 -> 383604017218
A84: LKT01LPK0059 | B84: D | C84: LKT01LPK0059 | D84: TOTAL LIABILITAS DAN EKUITAS | G84: =G70+G83 -> 413872455749 | H84: =H70+H83 -> 448051314959
F87: 100024000000

Sheet Laporan Laba Rugi
B2: LLRKTLEA
B3: 1
C7: =UPPER('Data Umum'!D7) -> PT MANDIRI MANAJEMEN INVESTASI
C9: Laporan Laba Rugi Komprehensif
C10: -
C11: ="Untuk Tahun yang Berakhir Pada 31 Desember "&CONCATENATE(TEXT('Data Umum'!D9, "YYYY")) -> Untuk Tahun yang Berakhir Pada 31 Desember 2025
E14: ="Jumlah (Dalam Rupiah)" -> Jumlah (Dalam Rupiah)
A15: KODE LAMA | B15: MAP CODE | C15: Akun | E15: =CONCATENATE(TEXT('Data Umum'!D9, "YYYY")) -> 2025 | F15: =CONCATENATE(TEXT(DATE(YEAR('Data Umum'!D9), MONTH('Data Umum'!D9)-12, DAY('Data Umum'!D9)), "YYYY")) -> 2024
A16: LKT01LLR0001 | B16: A | C16: PENDAPATAN | E16: =E17+E31 -> 308970678934 | F16: =F17+F31 -> 308233286872
A17: LKT01LLR0066 | B17: A.1 | C17: Pendapatan dari kontrak dengan pelanggan | E17: =E18+E22+E30 -> 287496011368 | F17: =F18+F22+F30 -> 294948762371
A18: LKT01LLR0067 | B18: A.1.1 | C18: Pendapatan komisi | E18: =SUM(E19:E21) -> 0 | F18: =SUM(F19:F21) -> 0
A19: LKT01LLR0003 | B19: A.1.1.1 | C19: Perantara (fee broker) | E19: 0 | F19: 0
A20: LKT01LLR0068 | B20: A.1.1.2 | C20: Anggota sindikasi | E20: 0 | F20: 0
A21: LKT01LLR0006 | B21: A.1.1.3 | C21: Pendapatan Komisi Lainnya | E21: 0 | F21: 0
A22: LKT01LLR0069 | B22: A.1.2 | C22: Pendapatan jasa | E22: =SUM(E23,E27,E28,E29) -> 287496011368 | F22: =SUM(F23,F27,F28,F29) -> 294948762371
A23: LKT01LLR0015 | B23: A.1.2.1 | C23: Jasa Kegiatan Manajer Investasi: | E23: =SUM(E24:E26) -> 287496011368 | F23: =SUM(F24:F26) -> 294948762371
A24: LKT01LLR0016 | B24: A.1.2.1.1 | C24: - management fee | E24: 286630301484 | F24: 294861640566
A25: LKT01LLR0017 | B25: A.1.2.1.2 | C25: - subscription fee | E25: 803663448 | F25: 1608236
A26: LKT01LLR0018 | B26: A.1.2.1.3 | C26: - redemption fee | E26: 62046436 | F26: 85513569
A27: LKT01LLR0020 | B27: A.1.2.2 | C27: Jasa Kegiatan Penasihat Investasi | E27: 0 | F27: 0
A28: LKT01LLR0010 | B28: A.1.2.3 | C28: Jasa Penjamin emisi (lead underwriter) | E28: 0 | F28: 0
A29: LKT01LLR0011 | B29: A.1.2.4 | C29: Pendapatan Jasa Lainnya | E29: 0 | F29: 0
A30: LKT01LLR0070 | B30: A.1.3 | C30: Pendapatan dari kontrak dengan pelanggan lainnya | E30: 0 | F30: 0
A31: LKT01LLR0071 | B31: A.1.4 | C31: Pendapatan dari hasil investasi | E31: =E32+E37 -> 21474667566 | F31: =F32+F37 -> 13284524501
A32: LKT01LLR0072 | B32: A.1.4.1 | C32: Imbalan yang diterima dari hasil investasi | E32: =SUM(E33:E36) -> 11705659523 | F32: =SUM(F33:F36) -> 15153283719
A33: LKT01LLR0007 | B33: A.1.4.1.1 | C33: Pendapatan bunga | E33: 11705659523 | F33: 15153283719
A34: LKT01LLR0073 | B34: A.1.4.1.2 | C34: Imbal hasil dari Efek bersifat utang dan instrumen pasar uang | E34: 0 | F34: 0
A35: LKT01LLR0074 | B35: A.1.4.1.3 | C35: dividen dari Efek bersifat ekuitas. | E35: 0 | F35: 0
A36: LKT01LLR0075 | B36: A.1.4.1.4 | C36: Imbalan yang diterima dari hasil investasi lainnya | E36: 0 | F36: 0
A37: LKT01LLR0076 | B37: A.1.4.2 | C37: Keuntungan (kerugian) investasi | E37: =E38+E41 -> 9769008043 | F37: =F38+F41 -> -1868759218
A38: LKT01LLR0077 | B38: A.1.4.2.1 | C38: keuntungan (kerugian) dari transaksi perdagangan Efek | E38: =E39+E40 -> 4560460527 | F38: =F39+F40 -> 569814099
A39: LKT01LLR0078 | B39: A.1.4.2.1.1 | C39: Pihak Berelasi | E39: 4560460527 | F39: 569814099
A40: LKT01LLR0079 | B40: A.1.4.2.1.2 | C40: Pihak ketiga | E40: 0 | F40: 0
A41: LKT01LLR0080 | B41: A.1.4.2.2 | C41: keuntungan (kerugian) yang belum terealisasi atas Efek yang diukur pada Nilai Wajar melalui laba rugi. | E41: =E42+E43 -> 5208547516 | F41: =F42+F43 -> -2438573317
A42: LKT01LLR0081 | B42: A.1.4.2.2.1 | C42: Pihak Berelasi | E42: 5208547516 | F42: -2438573317
A43: LKT01LLR0082 | B43: A.1.4.2.2.2 | C43: Pihak ketiga | E43: 0 | F43: 0
A44: LKT01LLR0022 | B44: A | C44: Total Pendapatan | E44: =E16 -> 308970678934 | F44: =F16 -> 308233286872
A45: LKT01LLR0023 | B45: B | C45: BEBAN | E45: =SUM(E46:E60) -> 273832256209 | F45: =SUM(F46:F60) -> 282514509955
A46: LKT01LLR0024 | B46: B.1 | C46: Beban Kepegawaian | D46: Beban Kepegawaian | E46: 92033099613 | F46: 99173961841
A47: LKT01LLR0025 | B47: B.2 | C47: Komisi agen penjual | D47: Komisi agen penjual | E47: 116215550581 | F47: 115735136182
A48: LKT01LLR0026 | B48: B.3 | C48: Beban pengaturan, pengawasan, pemeriksaan, dan penelitian oleh OJK | D48: Beban pengaturan, pengawasan, pemeriksaan, dan penelitian oleh OJK | E48: 9721125639 | F48: 20454495367
A49: LKT01LLR0027 | B49: B.4 | C49: Telekomunikasi | D49: Telekomunikasi | E49: 209325223 | F49: 219723904
A50: LKT01LLR0028 | B50: B.5 | C50: Iklan dan Promosi | D50: Iklan dan Promosi | E50: 9963080634 | F50: 7864811632
A51: LKT01LLR0029 | B51: B.6 | C51: Administrasi dan Umum | D51: Administrasi dan Umum | E51: 3850057851 | F51: 4019481390
A52: LKT01LLR0030 | B52: B.7 | C52: Penyusutan | D52: Penyusutan | E52: 7648624529 | F52: 7020205959
A53: LKT01LLR0031 | B53: B.8 | C53: Sewa Kantor | D53: Sewa Kantor | E53: 89200000 | F53: 78900000
A54: LKT01LLR0032 | B54: B.9 | C54: Jasa Profesional | D54: Jasa Profesional | E54: 12514066354 | F54: 7398067761
A55: LKT01LLR0033 | B55: B.10 | C55: Perjalanan Dinas | D55: Perjalanan Dinas | E55: 627775843 | F55: 565592925
A56: LKT01LLR0034 | B56: B.11 | C56: Pelatihan dan Seminar | D56: Pelatihan dan Seminar | E56: 3132060793 | F56: 4274769488
A57: LKT01LLR0035 | B57: B.12 | C57: Jamuan dan Sumbangan | D57: Jamuan dan Sumbangan | E57: 1502126605 | F57: 1125101225
... A60: LKT01LLR0038 | B60: B.15 | C60: Lain-lain | D60: Lain-lain | E60: 1503159087 | F60: 1901231760
A61: LKT01LLR0039 | B61: B | C61: Total Beban | E61: =E45 -> 273832256209 | F61: =F45 -> 282514509955
A62: LKT01LLR0040 | B62: C | C62: LABA BRUTO | E62: =E44-E61 -> 35138422725 | F62: =F44-F61 -> 25718776917
A63: LKT01LLR0083 | B63: D | C63: Pendapatan Lainnya | E63: 74740600 | F63: 105846389
A64: LKT01LLR0084 | B64: E | C64: Beban Lainnya | E64: =2624357303-15538302-226543229 -> 2382275772 | F64: =4268593502-1017779342 -> 3250814160
A65: LKT01LLR0085 | B65: F | C65: Biaya Keuangan | E65: 0 | F65: 0
A66: LKT01LLR0048 | B66: G | C66: LABA (RUGI) SEBELUM PAJAK | E66: =E62+E63-E64-E65 -> 32830887553 | F66: =F62+F63-F64-F65 -> 22573809146
A67: LKT01LLR0049 | B67: H | C67: Beban (penghasilan) pajak | E67: 5558280818 | F67: 7145263282
A68: LKT01LLR0050 | B68: I | C68: LABA (RUGI) PERIODE BERJALAN | E68: =E66-E67 -> 27272606735 | F68: =F66-F67 -> 15428545864
A69: LKT01LLR0051 | B69: J | C69: Penghasilan Komprehensif Lain | E69: =E70+E71 -> -969224422 | F69: =F70+F71 -> 205426218
A70: LKT01LLR0086 | B70: J.1 | C70: Yang tidak akan direklasifikasi lebih lanjut ke laba rugi | E70: -969224422 | F70: 205426218
A71: LKT01LLR0087 | B71: J.2 | C71: Yang akan direklasifikasi lebih lanjut ke laba rugi | E71: 0 | F71: 0
A72: LKT01LLR0055 | B72: K | C72: Pajak penghasilan terkait penghasilan komprehensif lain | E72: -213229373 | F72: 45193768
A73: LKT01LLR0056 | B73: L | C73: PENGHASILAN KOMPREHENSIF LAIN PERIODE BERJALAN SETELAH PAJAK | E73: =E69-E72 -> -755995049 | F73: =F69-F72 -> 160232450
A74: LKT01LLR0057 | B74: M | C74: TOTAL PENGHASILAN KOMPREHENSIF PERIODE BERJALAN | E74: =E68+E73 -> 26516611686 | F74: =F68+F73 -> 15588778314
A75: LKT01LLR0058 | B75: N | C75: LABA (RUGI) SELAMA PERIODE YANG DIATRIBUSIKAN KEPADA | E75: =IFERROR(E76, 0)+IFERROR(E77, 0) -> 27272606735 | F75: =IFERROR(F76, 0)+IFERROR(F77, 0) -> 1.5428546e+10
A76: LKT01LLR0059 | B76: N.1 | C76: Pemilik entitas induk | E76: =0.9993*E68 -> 2.7253516e+10 | F76: =0.9993*F68 -> 1.5417746e+10
A77: LKT01LLR0060 | B77: N.2 | C77: Kepentingan nonpengendali | E77: =0.0007*E68 -> 19090825 | F77: =0.0007*F68 -> 10799982
A78: LKT01LLR0061 | B78: N | C78: JUMLAH LABA (RUGI) SELAMA PERIODE | E78: =E76+E77 -> 27272606735 | F78: =F76+F77 -> 1.5428546e+10
A79: LKT01LLR0062 | B79: O | C79: TOTAL PENGHASILAN KOMPREHENSIF SELAMA PERIODE YANG DIATRIBUSIKAN KEPADA: | E79: =IFERROR(E80, 0)+IFERROR(E81, 0) -> 2.6516612e+10 | F79: =IFERROR(F80, 0)+IFERROR(F81, 0) -> 1.5588778e+10
A80: LKT01LLR0063 | B80: O.1 | C80: Pemilik entitas induk | E80: =0.9993*E74 -> 2.649805e+10 | F80: =0.9993*F74 -> 1.5577866e+10
A81: LKT01LLR0064 | B81: O.2 | C81: Kepentingan nonpengendali | E81: =0.0007*E74 -> 18561628 | F81: =0.0007*F74 -> 10912145
A82: LKT01LLR0065 | B82: O | C82: JUMLAH PENGHASILAN KOMPREHENSIF SELAMA PERIODE | E82: =SUM(E80:E81) -> 2.6516612e+10 | F82: =SUM(F80:F81) -> 1.5588778e+10
A83: LKT01LLR0088 | B83: P | C83: LABA (RUGI) PER SAHAM DASAR DAN DILUSIAN | E83: =E68/1500 -> 18181738 | F83: =F68/1500 -> 10285697

Sheet Laporan Arus Kas
B2: LAKTLEA
B3: 1
C7: =UPPER('Data Umum'!D7) -> PT MANDIRI MANAJEMEN INVESTASI
C9: Laporan Arus Kas
C10: -
C11: ="Untuk Tahun yang Berakhir Pada 31 Desember "&CONCATENATE(TEXT('Data Umum'!D9, "YYYY")) -> Untuk Tahun yang Berakhir Pada 31 Desember 2025
C14: Akun | E14: ="Jumlah (Dalam Rupiah)" -> Jumlah (Dalam Rupiah)
A15: KOMPONEN | B15: MAP CODE | E15: =CONCATENATE(TEXT('Data Umum'!D9, "YYYY")) -> 2025 | F15: =CONCATENATE(TEXT(DATE(YEAR('Data Umum'!D9), MONTH('Data Umum'!D9)-12, DAY('Data Umum'!D9)), "YYYY")) -> 2024
A16: LKT01LAK0001 | B16: A | C16: ARUS KAS DARI AKTIVITAS OPERASI | E16: =SUM(E17:E28) -> 217379395756 | F16: =SUM(F17:F28) -> -130627158648
A17: LKT01LAK0002 | B17: A.1 | C17: Penerimaan Komisi | E17: 0 | F17: 0
A18: LKT01LAK0003 | B18: A.2 | C18: Penerimaan Jasa Manajer Investasi, Penasehat Investasi, Penjamin Emisi, atau Jasa lainnya | E18: 278090164888 | F18: 296605060807
A19: LKT01LAK0004 | B19: A.3 | C19: Penerimaan Penghasilan Bunga | E19: 11399220894 | F19: 15436323884
A20: LKT01LAK0005 | B20: A.4 | C20: Penerimaan atas Efek Diperdagangkan | E20: 0 | F20: 0
A21: LKT01LAK0006 | B21: A.5 | C21: Penerimaan dari Nasabah - bersih | E21: 0 | F21: 0
A22: LKT01LAK0007 | B22: A.6 | C22: Penerimaan dari Lembaga Kliring dan Penjaminan-bersih | E22: 0 | F22: 0
A23: LKT01LAK0008 | B23: A.7 | C23: Pembayaran kepada PE - bersih | E23: 0 | F23: 0
A24: LKT01LAK0009 | B24: A.8 | C24: Penerimaan dari (Pembayaran kepada) Nasabah Marjin - bersih | E24: 0 | F24: 0
A25: LKT01LAK0010 | B25: A.9 | C25: Penjualan Portofolio Efek – bersih | E25: 179521506917 | F25: -171646177522
A26: LKT01LAK0011 | B26: A.10 | C26: Pembayaran kepada Pemasok dan Karyawan | E26: -254267786935 | F26: -267727847130
A27: LKT01LAK0012 | B27: A.11 | C27: Pembayaran Pajak Penghasilan | E27: -9300890414 | F27: -433361087
A28: LKT01LAK0013 | B28: A.12 | C28: Penerimaan (Pembayaran) Lainnya - bersih | E28: 11937180406 | F28: -2861157600
A29: LKT01LAK0014 | B29: A | C29: Arus Kas Neto dari (untuk) Aktivitas Operasi | E29: =E16 -> 217379395756 | F29: =F16 -> -130627158648
A30: LKT01LAK0015 | B30: B | C30: ARUS KAS DARI AKTIVITAS INVESTASI | E30: =SUM(E31:E36) -> -5803085104 | F30: =SUM(F31:F36) -> -2078869805
A31: LKT01LAK0016 | B31: B.1 | C31: Penerimaan Bunga | E31: 0 | F31: 0
A32: LKT01LAK0017 | B32: B.2 | C32: Pencairan Deposito Berjangka | E32: 0 | F32: 0
A33: LKT01LAK0018 | B33: B.3 | C33: Hasil Penjualan Aset Tetap | E33: 17398244 | F33: 0
A34: LKT01LAK0019 | B34: B.4 | C34: Penempatan Deposito Berjangka | E34: 0 | F34: 0
A35: LKT01LAK0020 | B35: B.5 | C35: Perolehan Aset Tetap | E35: -5214767132 | F35: -1477398918
A36: LKT01LAK0021 | B36: B.6 | C36: Penerimaan (Pembayaran) Lainnya - bersih | E36: -605716216 | F36: -601470887
A37: LKT01LAK0022 | B37: B | C37: Arus Kas Neto dari (untuk) Aktivitas Investasi | E37: =E30 -> -5803085104 | F37: =F30 -> -2078869805
A38: LKT01LAK0023 | B38: C | C38: ARUS KAS DARI AKTIVITAS PENDANAAN | E38: =SUM(E39:E45) -> -95804826491 | F38: =SUM(F39:F45) -> -3729264671
A39: LKT01LAK0024 | B39: C.1 | C39: Penerbitan Modal Saham | E39: 0 | F39: 0
A40: LKT01LAK0025 | B40: C.2 | C40: Penerbitan Surat Utang Jangka Pendek | E40: 0 | F40: 0
A41: LKT01LAK0026 | B41: C.3 | C41: Pelunasan Surat Utang Jangka Pendek | E41: 0 | F41: 0
A42: LKT01LAK0027 | B42: C.4 | C42: Penerimaan Pinjaman Bank | E42: 0 | F42: 0
A43: LKT01LAK0028 | B43: C.5 | C43: Pembayaran Pinjaman Bank | E43: 0 | F43: 0
A44: LKT01LAK0029 | B44: C.6 | C44: Pembayaran Bunga | E44: 0 | F44: 0
A45: LKT01LAK0030 | B45: C.7 | C45: Penerimaan (Pembayaran) Lainnya - bersih | E45: -95804826491 | F45: -3729264671
A46: LKT01LAK0031 | B46: C | C46: Arus Kas Neto dari (untuk) Aktivitas Pendanaan | E46: =E38 -> -95804826491 | F46: =F38 -> -3729264671
A47: LKT01LAK0032 | B47: D | C47: Kenaikan (Penurunan) Neto Kas dan Setara Kas | E47: =E16+E30+E38 -> 115771484161 | F47: =F16+F30+F38 -> -136435293124
A48: LKT01LAK0033 | B48: E | C48: Kas dan Setara Kas Awal Periode | E48: =F49 -> 96483958730 | F48: 232919251854
A49: LKT01LAK0034 | B49: F | C49: Kas dan Setara Kas Akhir Periode | E49: =E47+E48 -> 212255442891 | F49: =F47+F48 -> 96483958730

Sheet Laporan Perubahan Ekuitas
B2: LPETLEA
B3: 1
C7: =UPPER('Data Umum'!D7) -> PT MANDIRI MANAJEMEN INVESTASI
C9: Laporan Perubahan Ekuitas
C10: -
C11: ="Untuk Tahun yang Berakhir Pada 31 Desember "&CONCATENATE(TEXT('Data Umum'!D9, "YYYY")) -> Untuk Tahun yang Berakhir Pada 31 Desember 2025
C14: Akun | E14: ="" | F14: ="Saldo Laba*)" -> Saldo Laba*) | H14: ="" | K14: ="Penghasilan Komprehensif Lain" -> Penghasilan Komprehensif Lain | N14: =""
B15: MAP CODE | E15: ="Modal Saham" -> Modal Saham | F15: ="Yang Telah Ditentukan Penggunaannya" -> Yang Telah Ditentukan Penggunaannya | G15: ="Yang Belum Ditentukan Penggunaannya" -> Yang Belum Ditentukan Penggunaannya | H15: ="Tambahan Modal Disetor" -> Tambahan Modal Disetor | I15: ="Selisih Transaksi Pihak Nonpengendali" -> Selisih Transaksi Pihak Nonpengendali | J15: ="Saham Treasuri" -> Saham Treasuri | K15: ="Yang tidak akan direklasifikasi lebih lanjut ke laba rugi" -> Yang tidak akan direklasifikasi lebih lanjut ke laba rugi | L15: ="Yang akan direklasifikasi lebih lanjut ke laba rugi" -> Yang akan direklasifikasi lebih lanjut ke laba rugi | M15: ="Total" -> Total | N15: ="Total" -> Total | O15: ="Kepentingan Nonpengendali" -> Kepentingan Nonpengendali | P15: ="Total Ekuitas" -> Total Ekuitas
B16: LKT01LPE0001 | C16: Saldo per 1 Januari {PREVYYYY} | E16: 60000000000 | F16: 12000000000 | G16: 296348587861 | H16: 0 | I16: 0 | J16: 0 | K16: 0 | L16: 0 | M16: =K16+L16 -> 0 | N16: =E16+F16+G16+H16+I16+J16+M16 -> 368348587861 | O16: -10147059
B17: LKT01LPE0002 | C17: Perubahan Kebijakan Akuntansi | E17: 0 | F17: 0 | G17: 0 | H17: 0 | I17: 0 | J17: 0 | K17: 0 | L17: 0 | M17: =K17+L17 -> 0 | N17: =E17+F17+G17+H17+I17+J17+M17 -> 0 | O17: 0
B18: LKT01LPE0003 | C18: Saldo yang disajikan Kembali | E18: =SUM(E16:E17) -> 60000000000 | F18: =SUM(F16:F17) -> 12000000000 | G18: =SUM(G16:G17) -> 296348587861 | H18: =SUM(H16:H17) -> 0 | I18: =SUM(I16:I17) -> 0 | J18: =SUM(J16:J17) -> 0 | K18: =SUM(K16:K17) -> 0 | L18: =SUM(L16:L17) -> 0 | ... O18: =SUM(O16:O17) -> -10147059 | P18: =N18+O18 -> 368338440802
B19: LKT01LPK0022 | C19: Perubahan Ekuitas pada Tahun (PREVYYYY) | E19: ="" | F19: ="" | G19: ="" | H19: ="" | I19: ="" | J19: ="" | K19: ="" | L19: ="" | ... P19: =""
B20: LKT01LPE0004 | C20: Laba (Rugi) Bersih Periode Berjalan | E20: 0 | F20: 0 | G20: 15417748399 | H20: 0 | I20: 0 | J20: 0 | K20: 0 | L20: 0 | M20: =K20+L20 -> 0 | N20: =E20+F20+G20+H20+I20+J20+M20 -> 15417748399 | O20: 10798066
B21: LKT01LPE0009 | C21: Dividen | E21: 0 | F21: 0 | G21: =-(0.9993*0)-0 -> 0 | H21: 0 | I21: 0 | J21: 0 | K21: 0 | L21: 0 | M21: =K21+L21 -> 0 | N21: =E21+F21+G21+H21+I21+J21+M21 -> 0 | O21: 0
B22: LKT01LPE0006 | C22: Penghasilan Komprehensif Lain | E22: 0 | F22: 0 | G22: -162855381 | H22: 0 | I22: 0 | J22: 0 | K22: 0 | L22: 0 | M22: =K22+L22 -> 0 | N22: =E22+F22+G22+H22+I22+J22+M22 -> -162855381 | O22: =-114079-589 -> -114668
B23: LKT01LPE0011 | C23: Saldo per 31 Desember {PREVYYYY} | E23: =E18+E20+E21+E22 -> 60000000000 | F23: =F18+F20+F21+F22 -> 12000000000 | G23: =G18+G20+G21+G22 -> 311603480879 | H23: =H18+H20+H21+H22 -> 0 | I23: =I18+I20+I21+I22 -> 0 | J23: =J18+J20+J21+J22 -> 0 | K23: =K18+K20+K21+K22 -> 0 | L23: =L18+L20+L21+L22 -> 0 | ... O23: =O18+O20+O21+O22 -> 536339 | P23: =N23+O23 -> 383604017218
B24: LKT01LPK0023 | C24: Perubahan Ekuitas pada Tahun (YYYY) | E24: ="" | F24: ="" | G24: ="" | H24: ="" | I24: ="" | J24: ="" | K24: ="" | L24: ="" | ... P24: =""
B25: LKT01LPE0014 | C25: Laba (Rugi) Bersih Periode Berjalan | E25: 0 | F25: 0 | G25: =0.9993*27272607370 -> 2.7253517e+10 | H25: 0 | I25: 0 | J25: 0 | K25: 0 | L25: 0 | M25: =K25+L25 -> 0 | N25: =E25+F25+G25+H25+I25+J25+M25 -> 2.7253517e+10 | O25: =0.0007*27272607370 -> 19090825
B26: LKT01LPE0019 | C26: Dividen | E26: 0 | F26: 0 | G26: -90000000000 | H26: 0 | I26: 0 | J26: 0 | K26: 0 | L26: 0 | M26: =K26+L26 -> 0 | N26: =E26+F26+G26+H26+I26+J26+M26 -> -90000000000 | O26: =-(0.0007*0)+0 -> 0
B27: LKT01LPE0016 | C27: Penghasilan Komprehensif Lain | E27: 0 | F27: 0 | G27: =0.9993*-755994000 -> -7.554648e+08 | H27: 0 | I27: 0 | J27: 0 | K27: 0 | L27: 0 | M27: =K27+L27 -> 0 | N27: =E27+F27+G27+H27+I27+J27+M27 -> -7.554648e+08 | O27: =-530245+567 -> -529678
B28: LKT01LPK0021 | C28: Saldo per 31 Desember {YYYY} | E28: =E23+E25+E26+E27 -> 60000000000 | F28: =F23+F25+F26+F27 -> 12000000000 | G28: =G23+G25+G26+G27 -> 2.4810153e+11 | H28: =H23+H25+H26+H27 -> 0 | I28: =I23+I25+I26+I27 -> 0 | J28: =J23+J25+J26+J27 -> 0 | K28: =K23+K25+K26+K27 -> 0 | L28: =L23+L25+L26+L27 -> 0 | ... O28: =O23+O25+O26+O27 -> 19097486 | P28: =N28+O28 -> 3.2012063e+11
