Workbook

Sheet Informasi
A1: Petunjuk pengisian template Laporan Keuangan Reksa Dana
A3: 1 | B3: Isi data umum perusahaan, data audit dan informasi tambahan atas Laporan Keuangan pada sheet Data Umum
A4: 2 | B4: Isi informasi terkait aset, kewajiban, dan modal kerja perusahaan pada sheet Laporan Posisi Keuangan
A5: 3 | B5: Jika perusahaan memiliki akun tertentu yang tidak terdapat pada pilihan di Laporan Posisi Keuangan, silahkan memasukkan informasi tersebut pada akun Lain-lain.
A6: 4 | B6: Isi informasi terkait pendapatan dan beban pada sheet Laporan Laba Rugi
A7: 5 | B7: Akun beban diisi dengan angka positif (tidak menambahkan tanda "-")
A8: 6 | B8: Jika perusahaan memiliki akun tertentu yang tidak terdapat pada pilihan di Laporan Laba Rugi, silahkan memasukkan informasi tersebut pada akun Lain-lain.
A9: 7 | B9: Isi informasi terkait perubahan aset bersih pada sheet Laporan Perubahan Aset Bersih
A10: 8 | B10: Isi informasi terkait perubahan ekuitas pada sheet Laporan Arus Kas
A11: 9 | B11: Cek status validasi laporan pada sheet Validasi
A12: 10 | B12: Laporan yang dikirimkan ke Otoritas Jasa Keuangan adalah laporan dengan validasi OK
A13: 11 | B13: Pengiriman Laporan Keuangan Elektronik disertai dengan pengiriman hardcopy Laporan Keuangan ke Otoritas Jasa Keuangan

Sheet Validasi
A1: Status Validasi Laporan secara Keseluruhan | D1: =+IF(AND(D4="OK",D5="OK",D6="OK",D7="OK",D8="OK",D9="OK"),"OK","NOT OK") -> OK
A3: No | B3: Keterangan | C3: Formula | D3: Status
A4: 1 | B4: Aset bersih yang dapat diatribusikan kepada pemegang unit penyertaan pada Laporan Posisi Keuangan harus sama dengan Aset bersih yang dapat diatribusikan kepada pemegang unit penyertaan pada akhir periode pada Laporan Perubahan Aset Bersih | C4: Laporan Posisi Keuangan'!B35='Laporan Perubahan Aset Bersih'!B21 | D4: =IF(AND(('Laporan Posisi Keuangan'!B36-'Laporan Perubahan Aset Bersih'!B23)<=3,('Laporan Posisi Keuangan'!B36-'Laporan Perubahan Aset Bersih'!B23)>=-3),"OK","Not OK") -> OK
A5: 2 | B5: Aset bersih yang dapat diatribusikan kepada pemegang unit penyertaan pada Laporan Posisi Keuangan harus sama dengan Aset bersih yang dapat diatribusikan kepada pemegang unit penyertaan pada akhir periode pada Laporan Perubahan Aset Bersih | C5: Laporan Posisi Keuangan'!C35='Laporan Perubahan Aset Bersih'!C21 | D5: =IF(AND(('Laporan Posisi Keuangan'!C36-'Laporan Perubahan Aset Bersih'!C23)<=3,('Laporan Posisi Keuangan'!C36-'Laporan Perubahan Aset Bersih'!C23)>=-3),"OK","Not OK") -> OK
A6: 3 | B6: (Penurunan)/Kenaikan Aset yang dapat diatribusikan kepada pemegang Unit Penyertaan dari Operasi pada Laporan Laba Rugi harus sama dengan Jumlah (penurunan)/kenaikan aset bersih yang dapat diatribusikan kepada pemegang unit penyertaan dari operasi pada Laporan Perubahan Aset Bersih | C6: Laporan Laba Rugi'!B23='Laporan Perubahan Aset Bersih'!B14 | D6: =IF(AND(('Laporan Laba Rugi'!B27-'Laporan Perubahan Aset Bersih'!B15)<=3,('Laporan Laba Rugi'!B27-'Laporan Perubahan Aset Bersih'!B15)>=-3),"OK","Not OK") -> OK
A7: 4 | B7: (Penurunan)/Kenaikan Aset yang dapat diatribusikan kepada pemegang Unit Penyertaan dari Operasi pada Laporan Laba Rugi harus sama dengan Jumlah (penurunan)/kenaikan aset bersih yang dapat diatribusikan kepada pemegang unit penyertaan dari operasi pada Laporan Perubahan Aset Bersih | C7: Laporan Laba Rugi'!C23='Laporan Perubahan Aset Bersih'!C14 | D7: =IF(AND(('Laporan Laba Rugi'!C27-'Laporan Perubahan Aset Bersih'!C15)<=3,('Laporan Laba Rugi'!C27-'Laporan Perubahan Aset Bersih'!C15)>=-3),"OK","Not OK") -> OK
A8: 5 | B8: Jumlah kas dan setara kas akhir tahun pada Laporan Arus Kas harus sama dengan jumlah kas dan setara kas pada Laporan Arus Kas | C8: Laporan Arus Kas'!B26='Laporan Arus Kas'!B30 | D8: =IF(AND(('Laporan Arus Kas'!B29-'Laporan Arus Kas'!B33)<=3,('Laporan Arus Kas'!B29-'Laporan Arus Kas'!B33)>=-3),"OK","Not OK") -> OK
A9: 6 | B9: Jumlah kas dan setara kas akhir tahun pada Laporan Arus Kas harus sama dengan jumlah kas dan setara kas pada Laporan Arus Kas | C9: Laporan Arus Kas'!C26='Laporan Arus Kas'!C30 | D9: =IF(AND(('Laporan Arus Kas'!C29-'Laporan Arus Kas'!C33)<=3,('Laporan Arus Kas'!C29-'Laporan Arus Kas'!C33)>=-3),"OK","Not OK") -> OK

Sheet Data Umum
A1: Data Umum
A3: Tanggal Pelaporan | B3: :
A4: Kode Reksa Dana | B4: :
A5: Nama Reksa Dana | B5: : | C5: REKSA DANA BNP PARIBAS OBLIGASI KEJORA
A6: Periode Pelaporan | B6: : | C6: 46022
A7: Bulan Pelaporan | B7: : | C7: =+MONTH(C6) -> 12
A8: Tahun Pelaporan | B8: : | C8: =YEAR(C6) -> 2025
A9: Nama Bank Kustodian | B9: : | C9: Citibank, N.A., cabang Jakarta
A12: Data Audit
A14: Nama KAP | B14: : | C14: Mirawati Sensi Idris
A15: Kode Auditor | B15: : | C15: 0
A16: Nama AP | B16: : | C16: Yelly Warsono
A17: Opini | B17: : | C17: Wajar Tanpa Pengecualian

Sheet Laporan Posisi Keuangan
A3: LAPORAN POSISI KEUANGAN
A4: ='Data Umum'!C5 -> REKSA DANA BNP PARIBAS OBLIGASI KEJORA
A5: ="UNTUK TAHUN-TAHUN YANG BERAKHIR PADA"&" "&'Data Umum'!C8&" "&"DAN"&" "&'Data Umum'!C8-1 -> UNTUK TAHUN-TAHUN YANG BERAKHIR PADA 2025 DAN 2024
B7: Jumlah (dalam rupiah)
B8: ='Data Umum'!C8 -> 2025 | C8: ='Data Umum'!C8-1 -> 2024
A9: ASET
A10: Portofolio investasi
A11: Efek Ekuitas | C11: 0
A12: Efek Utang | B12: 5246426348108 | C12: 4757439820214
A13: Efek Syariah Berpendapatan Tetap | B13: 447135778723 | C13: 228823361667
A14: Efek Beragun Aset | C14: 0
A15: Efek Pasar Uang | B15: 222000000000 | C15: 67000000000
A16: Unit Penyertaan Dana Investasi Real Estat | C16: 0
A17: Efek Derivatif | C17: 0
A18: Efek lain yang ditetapkan oleh Otoritas Jasa Keuangan | C18: 0
A19: Kas di bank | B19: 547251214 | C19: 95539586
A20: Piutang penjualan efek | C20: 0
A21: Piutang bunga | B21: 72052666497 | C21: 67345635945
A22: Piutang deviden | C22: 0
A23: Piutang Bagi Hasil | B23: 6715972313 | C23: 1582597314
A24: Piutang Lain-lain | C24: 0
A25: Pajak dibayar dimuka | C25: 0
A26: Aset Lain-lain | C26: 0
A27: Jumlah Aset | B27: =SUM(B11:B26) -> 5994878016855 | C27: =SUM(C11:C26) -> 5122286954726
A28: LIABILITAS
A29: Uang muka diterima atas pemesanan unit penyertaan | C29: 0
A30: Utang pembelian kembali unit penyertaan | C30: 0
A31: Utang pembelian efek | C31: 0
A32: Utang pajak | C32: 0
A33: Utang pajak lain-lain | C33: 0
A34: Utang lain-lain | B34: 19503040155 | C34: 1320856842
A35: Jumlah Liabilitas | B35: =SUM(B29:B34) -> 19503040155 | C35: =SUM(C29:C34) -> 1320856842
A36: Aset bersih yang dapat diatribusikan kepada pemegang unit penyertaan | B36: =+B27-B35 -> 5975374976700 | C36: =+C27-C35 -> 5120966097884
A37: Jumlah Unit Penyertaan Beredar | B37: 5.5042443e+09 | C37: 5.0490108e+09
A38: Nilai Aset Bersih per Unit Penyertaan | B38: =IF(B37>0,B36/B37,0) -> 1085.5941 | C38: =+IF(C37>0,C36/C37,0) -> 1014.2514

Sheet Laporan Laba Rugi
A3: LAPORAN LABA RUGI DAN PENGHASILAN KOMPREHENSIF LAIN
A4: ='Data Umum'!C5 -> REKSA DANA BNP PARIBAS OBLIGASI KEJORA
A5: ="UNTUK TAHUN-TAHUN YANG BERAKHIR PADA"&" "&'Data Umum'!C8&" "&"DAN"&" "&'Data Umum'!C8-1 -> UNTUK TAHUN-TAHUN YANG BERAKHIR PADA 2025 DAN 2024
B7: Jumlah (dalam rupiah)
B8: ='Data Umum'!C8 -> 2025 | C8: ='Data Umum'!C8-1 -> 2024
A9: PENDAPATAN INVESTASI
A10: Pendapatan bunga | B10: 393552768105 | C10: 333327039441
A11: Pendapatan deviden | C11: 0
A12: Jumlah pendapatan investasi | B12: =SUM(B10:B11) -> 393552768105 | C12: =SUM(C10:C11) -> 333327039441
A13: BEBAN INVESTASI
A14: Beban jasa pengelolaan investasi | B14: 9174774040 | C14: 7540933887
A15: Beban jasa kustodian | B15: 5504864424 | C15: 4524560332
A16: Beban lain-lain | B16: 40373658310 | C16: 34504126299
A17: Jumlah beban investasi | B17: =SUM(B14:B16) -> 55053296774 | C17: =SUM(C14:C16) -> 46569620518
A18: PENDAPATAN INVESTASI BERSIH | B18: =+B12-B17 -> 338499471331 | C18: =+C12-C17 -> 286757418923
A19: (KERUGIAN)/KEUNTUNGAN INVESTASI
A20: (Kerugian)/Keuntungan investasi yang telah direalisasi | B20: -10846750398 | C20: -13478943904
A21: (Kerugian)/Keuntungan investasi yang belum direalisasi | B21: 288199235373 | C21: -119355022488
A22: Jumlah (Kerugian)/Keuntungan investasi | B22: =SUM(B20:B21) -> 277352484975 | C22: =SUM(C20:C21) -> -132833966392
A23: (Penurunan)/Kenaikan Aset yang dapat diatribusikan kepada pemegang Unit Penyertaan dari Operasi Sebelum Beban Pajak Penghasilan | B23: =+B18+B22 -> 615851956306 | C23: =+C18+C22 -> 153923452531
A24: Manfaat/(Beban) Pajak Penghasilan | B24: -17965657631 | C24: 2707711111
A25: (Penurunan)/Kenaikan Aset yang dapat diatribusikan kepada pemegang Unit Penyertaan dari Operasi Setelah Beban Pajak Penghasilan | B25: =+B23+B24 -> 597886298675 | C25: =+C23+C24 -> 156631163642
A26: Penghasilan komprehensif lain | B26: 0 | C26: 0
A27: (Penurunan)/Kenaikan Aset yang dapat diatribusikan kepada pemegang Unit Penyertaan dari Operasi | B27: =+B25+B26 -> 597886298675 | C27: =+C25+C26 -> 156631163642

Sheet Laporan Perubahan Aset Bersih
A3: LAPORAN PERUBAHAN ASET BERSIH YANG DAPAT DIATRIBUSIKAN KEPADA PEMEGANG UNIT PENYERTAAN
A4: ='Data Umum'!C5 -> REKSA DANA BNP PARIBAS OBLIGASI KEJORA
A5: ="UNTUK TAHUN-TAHUN YANG BERAKHIR PADA"&" "&'Data Umum'!C8&" "&"DAN"&" "&'Data Umum'!C8-1 -> UNTUK TAHUN-TAHUN YANG BERAKHIR PADA 2025 DAN 2024
B7: Jumlah (dalam rupiah)
B8: ='Data Umum'!C8 -> 2025 | C8: ='Data Umum'!C8-1 -> 2024
A9: Kenaikan/(Penurunan) aset bersih yang dapat diatribusikan kepada pemegang unit penyertaan dari operasi
A10: Laba Operasi | B10: 338499471331 | C10: 286757418923
A11: Keuntungan/(Kerugian) investasi yang telah direalisasi | B11: -10846750398 | C11: -13478943904
A12: Keuntungan/(Kerugian) investasi yang belum direalisasi | B12: 288199235373 | C12: -119355022488
A13: Pajak Penghasilan | B13: -17965657631 | C13: 2707711111
A14: Pajak Komprehensif lain
A15: Jumlah Kenaikan/(Penurunan) aset bersih yang dapat diatribusikan kepada pemegang unit penyertaan dari operasi | B15: =SUM(B10:B14) -> 597886298675 | C15: =SUM(C10:C14) -> 156631163642
A16: Transaksi dengan Pemegang Unit Penyertaan
A17: Penjualan unit penyertaan | B17: 517000000000 | C17: 1452500000000
A18: Pembelian kembali unit penyertaan | B18: -32500000000 | C18: -263500000000
A19: Pendapatan yang dapat didistribusikan | B19: -227977419859 | C19: -212940298987
A20: Jumlah Transaksi dengan Pemegang Unit Penyertaan | B20: =SUM(B17:B19) -> 256522580141 | C20: =SUM(C17:C19) -> 976059701013
A21: (Penurunan)/kenaikan aset bersih yang dapat diatribusikan kepada pemegang unit penyertaan | B21: =B15+B20 -> 854408878816 | C21: =C15+C20 -> 1132690864655
A22: Aset bersih yang dapat diatribusikan kepada pemegang unit penyertaan di awal tahun | B22: =C23 -> 5120966097884 | C22: 3988275233229
A23: Aset bersih yang dapat diatribusikan kepada pemegang unit penyertaan di akhir tahun | B23: =B21+B22 -> 5975374976700 | C23: =C21+C22 -> 5120966097884

Sheet Laporan Arus Kas
A3: LAPORAN ARUS KAS
A4: ='Data Umum'!C5 -> REKSA DANA BNP PARIBAS OBLIGASI KEJORA
A5: ="UNTUK TAHUN-TAHUN YANG BERAKHIR PADA"&" "&'Data Umum'!C8&" "&"DAN"&" "&'Data Umum'!C8-1 -> UNTUK TAHUN-TAHUN YANG BERAKHIR PADA 2025 DAN 2024
B7: Jumlah (dalam rupiah)
B8: =+'Data Umum'!C8 -> 2025 | C8: =+'Data Umum'!C8-1 -> 2024
A9: Arus kas dari aktivitas operasi:
A10: Penerimaan kas dari:
A11: Penjualan dan penerimaan dari penjualan aset keuangan | B11: 344263680000 | C11: 684116675000
A12: Pendapatan bunga | B12: 343656678973 | C12: 276293850734
A13: Pendapatan deviden | C13: 0
A14: Penerimaan lain-lain | C14: 0
A15: Pengeluaran kas untuk:
A16: Pembelian aset keuangan dan penyelesaian liabilitas keuangan | B16: -929230959975 | C16: -1925256359500
A17: Beban investasi | B17: -14760267511 | C17: -12023391120
A18: Beban pajak | C18: 0
A19: Beban lain-lain | C19: 0
A20: Kas bersih (digunakan untuk)/diterima dari aktivitas operasi | B20: =SUM(B11:B14)+SUM(B16:B19) -> -256070868513 | C20: =SUM(C11:C14)+SUM(C16:C19) -> -976869224886
A21: Arus kas dari aktivitas pendanaan:
A22: Penjualan unit penyertaan | B22: 517000000000 | C22: 1452500000000
A23: Pembelian kembali unit penyertaan | B23: -32500000000 | C23: -263500000000
A24: Pembayaran pendapatan yang dapat didistribusikan | B24: -227977419859 | C24: -212940298987
A25: Penerimaan/(Pengeluaran) lain-lain terkait aktivitas pendanaan | C25: 0
A26: Kas bersih (digunakan untuk)/diterima dari aktivitas pendanaan | B26: =SUM(B22:B25) -> 256522580141 | C26: =SUM(C22:C25) -> 976059701013
A27: Kenaikan/(Penurunan) bersih dalam kas dan setara kas | B27: =B20+B26 -> 451711628 | C27: =C20+C26 -> -809523873
A28: Kas dan setara kas pada awal tahun | B28: 95539586 | C28: 905063459
A29: Kas dan setara kas pada akhir tahun | B29: =B27+B28 -> 547251214 | C29: =C27+C28 -> 95539586
A30: Kas dan setara kas terdiri dari:
A31: Kas di bank | B31: =B29+B30 -> 547251214 | C31: =C29+C30 -> 95539586
A32: Deposito berjangka | B32: 0 | C32: 0
A33: Jumlah kas dan setara kas | B33: =SUM(B31:B32) -> 547251214 | C33: =SUM(C31:C32) -> 95539586
